,dataset_id,dataset_title,format,resource_id,resource_title,url
0,5c5e558f06e3e7266c232bba,Aides à la presse : classement des titres de presse aidés,csv,c3a4b612-d227-43c3-8954-094ee6602005,Export au format CSV,https://data.culture.gouv.fr/explore/dataset/aides-a-la-presse-classement-des-titres-de-presse-aides/download?format=csv&timezone=Europe/Berlin&use_labels_for_header=true
7,53698ecca3a729239d203579,Aires géographiques des AOC/AOP,csv,a75f4a3b-63a2-4aff-81ec-5500e25f1316,2019-02-19-comagri-communes-aires-ao.csv,https://static.data.gouv.fr/resources/aires-geographiques-des-aoc-aop/20190221-154845/2019-02-19-comagri-communes-aires-ao.csv
14,538071a9a3a7297e4d35d6ce,Base d'Adresses Nationale Ouverte - BANO,csv,6b1f7e9b-f112-4d55-82b0-a9e320ba1ca6,"Export quotidien au format CSV, shapefile, ttl (rdf) et sjson",http://bano.openstreetmap.fr/data/
16,53698f4ca3a729239d2036df,Base de données accidents corporels de la circulation,csv,109520e1-47ae-4294-a5b6-6d10c7bae9a6,vehicules-2017.csv,https://static.data.gouv.fr/resources/base-de-donnees-accidents-corporels-de-la-circulation/20180927-111247/vehicules-2017.csv
17,53698f4ca3a729239d2036df,Base de données accidents corporels de la circulation,csv,07bfe612-0ad9-48ef-92d3-f5466f8465fe,usagers-2017.csv,https://static.data.gouv.fr/resources/base-de-donnees-accidents-corporels-de-la-circulation/20180927-111153/usagers-2017.csv
18,53698f4ca3a729239d2036df,Base de données accidents corporels de la circulation,csv,9b76a7b6-3eef-4864-b2da-1834417e305c,lieux-2017.csv,https://static.data.gouv.fr/resources/base-de-donnees-accidents-corporels-de-la-circulation/20180927-111131/lieux-2017.csv
19,53698f4ca3a729239d2036df,Base de données accidents corporels de la circulation,csv,9a7d408b-dd72-4959-ae7d-c854ec505354,caracteristiques-2017.csv,https://static.data.gouv.fr/resources/base-de-donnees-accidents-corporels-de-la-circulation/20180927-111012/caracteristiques-2017.csv
20,53698f4ca3a729239d2036df,Base de données accidents corporels de la circulation,csv,be2191a6-a7cd-446f-a9fc-8d698688eb9e,vehicules_2016.csv,https://www.data.gouv.fr/s/resources/base-de-donnees-accidents-corporels-de-la-circulation/20170915-153958/vehicules_2016.csv
21,53698f4ca3a729239d2036df,Base de données accidents corporels de la circulation,csv,e4c6f4fe-7c68-4a1d-9bb6-b0f1f5d45526,usagers_2016.csv,https://www.data.gouv.fr/s/resources/base-de-donnees-accidents-corporels-de-la-circulation/20170915-153940/usagers_2016.csv
22,53698f4ca3a729239d2036df,Base de données accidents corporels de la circulation,csv,08b77510-39c4-4761-bf02-19457264790f,lieux_2016.csv,https://www.data.gouv.fr/s/resources/base-de-donnees-accidents-corporels-de-la-circulation/20170915-153921/lieux_2016.csv
23,53698f4ca3a729239d2036df,Base de données accidents corporels de la circulation,csv,96aadc9f-0b55-4e9a-a70e-c627ed97e6f7,caracteristiques_2016.csv,https://www.data.gouv.fr/s/resources/base-de-donnees-accidents-corporels-de-la-circulation/20170915-153739/caracteristiques_2016.csv
24,53698f4ca3a729239d2036df,Base de données accidents corporels de la circulation,csv,3420157e-7d23-4832-a710-a3a2f2df909c,vehicules_2015.csv,https://www.data.gouv.fr/s/resources/base-de-donnees-accidents-corporels-de-la-circulation/20161020-154735/vehicules_2015.csv
25,53698f4ca3a729239d2036df,Base de données accidents corporels de la circulation,csv,185fbdc7-d4c5-4522-888e-ac9550718f71,caracteristiques_2015.csv,https://www.data.gouv.fr/s/resources/base-de-donnees-accidents-corporels-de-la-circulation/20160909-181230/caracteristiques_2015.csv
26,53698f4ca3a729239d2036df,Base de données accidents corporels de la circulation,csv,31db21ef-4328-4c5e-bf3d-66a8fe82e6a2,lieux_2015.csv,https://www.data.gouv.fr/s/resources/base-de-donnees-accidents-corporels-de-la-circulation/20160909-181257/lieux_2015.csv
27,53698f4ca3a729239d2036df,Base de données accidents corporels de la circulation,csv,b43a4237-9359-4217-b833-8d3dc29a6c24,usagers_2015.csv,https://www.data.gouv.fr/s/resources/base-de-donnees-accidents-corporels-de-la-circulation/20160909-181344/usagers_2015.csv
28,53698f4ca3a729239d2036df,Base de données accidents corporels de la circulation,csv,85dfe8c6-589f-4e76-8a07-9f59e49ec10d,caracteristiques_2014.csv,https://www.data.gouv.fr/s/resources/base-de-donnees-accidents-corporels-de-la-circulation-sur-6-annees/20150806-153701/caracteristiques_2014.csv
29,53698f4ca3a729239d2036df,Base de données accidents corporels de la circulation,csv,86c64436-427f-4042-a4ee-ed0aa31bac76,vehicules_2014.csv,https://www.data.gouv.fr/s/resources/base-de-donnees-accidents-corporels-de-la-circulation-sur-6-annees/20150806-153355/vehicules_2014.csv
30,53698f4ca3a729239d2036df,Base de données accidents corporels de la circulation,csv,617af155-1b7c-41d6-9504-576878c4d9af,lieux_2014.csv,https://www.data.gouv.fr/s/resources/base-de-donnees-accidents-corporels-de-la-circulation-sur-6-annees/20150806-153618/lieux_2014.csv
31,53698f4ca3a729239d2036df,Base de données accidents corporels de la circulation,csv,457c10ff-ea6c-4238-9af1-d8dc62b896d4,usagers_2014.csv,https://www.data.gouv.fr/s/resources/base-de-donnees-accidents-corporels-de-la-circulation-sur-6-annees/20150806-153501/usagers_2014.csv
32,53698f4ca3a729239d2036df,Base de données accidents corporels de la circulation,csv,18b1a57a-57bf-4bf1-b9ee-dfa5a3154225,caracteristiques_2013.csv,https://www.data.gouv.fr/s/resources/base-de-donnees-accidents-corporels-de-la-circulation-sur-6-annees/20150806-154105/caracteristiques_2013.csv
33,53698f4ca3a729239d2036df,Base de données accidents corporels de la circulation,csv,3c059a3c-4624-4513-b3a4-2b18c48dfd47,vehicules_2013.csv,https://www.data.gouv.fr/s/resources/base-de-donnees-accidents-corporels-de-la-circulation-sur-6-annees/20150806-153739/vehicules_2013.csv
34,53698f4ca3a729239d2036df,Base de données accidents corporels de la circulation,csv,1e00e4dd-e204-4a08-9e10-9b8a02791ba9,lieux_2013.csv,https://www.data.gouv.fr/s/resources/base-de-donnees-accidents-corporels-de-la-circulation-sur-6-annees/20150806-153935/lieux_2013.csv
35,53698f4ca3a729239d2036df,Base de données accidents corporels de la circulation,csv,af4349c5-0293-4639-8694-b8b628bfc6c3,usagers_2013.csv,https://www.data.gouv.fr/s/resources/base-de-donnees-accidents-corporels-de-la-circulation-sur-6-annees/20150806-153902/usagers_2013.csv
36,53698f4ca3a729239d2036df,Base de données accidents corporels de la circulation,csv,b2518ec1-6529-47bc-9d55-40e2effeb0e7,caracteristiques_2012.csv,https://www.data.gouv.fr/s/resources/base-de-donnees-accidents-corporels-de-la-circulation-sur-6-annees/20150806-154431/caracteristiques_2012.csv
37,53698f4ca3a729239d2036df,Base de données accidents corporels de la circulation,csv,48683290-0d4d-429a-8fb6-977887098d5d,vehicules_2012.csv,https://www.data.gouv.fr/s/resources/base-de-donnees-accidents-corporels-de-la-circulation-sur-6-annees/20150806-154148/vehicules_2012.csv
38,53698f4ca3a729239d2036df,Base de données accidents corporels de la circulation,csv,a19e060e-1c18-4272-ac4e-d4745ab8fade,usagers_2012.csv,https://www.data.gouv.fr/s/resources/base-de-donnees-accidents-corporels-de-la-circulation-sur-6-annees/20150806-154306/usagers_2012.csv
39,53698f4ca3a729239d2036df,Base de données accidents corporels de la circulation,csv,59cc1244-2397-430a-8afb-6a0a071ff4d2,lieux_2012.csv,https://www.data.gouv.fr/s/resources/base-de-donnees-accidents-corporels-de-la-circulation-sur-6-annees/20150806-154334/lieux_2012.csv
40,53698f4ca3a729239d2036df,Base de données accidents corporels de la circulation,csv,37991267-8a15-4a9d-9b1c-ff3e6bea3625,caracteristiques_2011.csv,https://www.data.gouv.fr/s/resources/base-de-donnees-accidents-corporels-de-la-circulation-sur-6-annees/20150806-154723/caracteristiques_2011.csv
41,53698f4ca3a729239d2036df,Base de données accidents corporels de la circulation,csv,bd946492-31b3-428e-8494-a1e203bdc9cc,usagers_2011.csv,https://www.data.gouv.fr/s/resources/base-de-donnees-accidents-corporels-de-la-circulation-sur-6-annees/20150806-154656/usagers_2011.csv
42,53698f4ca3a729239d2036df,Base de données accidents corporels de la circulation,csv,569e3f44-ff4c-4a25-bb45-f4a3646b392d,vehicules_2011.csv,https://www.data.gouv.fr/s/resources/base-de-donnees-accidents-corporels-de-la-circulation-sur-6-annees/20150806-154842/vehicules_2011.csv
43,53698f4ca3a729239d2036df,Base de données accidents corporels de la circulation,csv,26d37f6b-3603-42b0-a779-bbeaa19af4a6,lieux_2011.csv,https://www.data.gouv.fr/s/resources/base-de-donnees-accidents-corporels-de-la-circulation-sur-6-annees/20150806-154632/lieux_2011.csv
44,53698f4ca3a729239d2036df,Base de données accidents corporels de la circulation,csv,decdfe8c-38ff-4a06-b7fc-615785f2914d,caracteristiques_2010.csv,https://www.data.gouv.fr/s/resources/base-de-donnees-accidents-corporels-de-la-circulation-sur-6-annees/20150806-155035/caracteristiques_2010.csv
45,53698f4ca3a729239d2036df,Base de données accidents corporels de la circulation,csv,86577e9c-56ab-4673-95cb-3351e804fc03,lieux_2010.csv,https://www.data.gouv.fr/s/resources/base-de-donnees-accidents-corporels-de-la-circulation-sur-6-annees/20150806-154939/lieux_2010.csv
46,53698f4ca3a729239d2036df,Base de données accidents corporels de la circulation,csv,4dd8a9ea-785f-4e3f-8f83-3838a60ac7f5,vehicules_2010.csv,https://www.data.gouv.fr/s/resources/base-de-donnees-accidents-corporels-de-la-circulation-sur-6-annees/20150806-154916/vehicules_2010.csv
47,53698f4ca3a729239d2036df,Base de données accidents corporels de la circulation,csv,c5e5664d-1483-41da-a4c6-5f1727d7a353,usagers_2010.csv,https://www.data.gouv.fr/s/resources/base-de-donnees-accidents-corporels-de-la-circulation-sur-6-annees/20150806-155001/usagers_2010.csv
48,53698f4ca3a729239d2036df,Base de données accidents corporels de la circulation,csv,fdfacdb9-f48e-4759-bae5-48d063216acb,caracteristiques_2009.csv,https://www.data.gouv.fr/s/resources/base-de-donnees-accidents-corporels-de-la-circulation/20160422-111851/caracteristiques_2009.csv
49,53698f4ca3a729239d2036df,Base de données accidents corporels de la circulation,csv,0a25081b-89b6-4f7c-9d31-72ec679f0abf,lieux_2009.csv,https://www.data.gouv.fr/s/resources/base-de-donnees-accidents-corporels-de-la-circulation/20160422-112018/lieux_2009.csv
50,53698f4ca3a729239d2036df,Base de données accidents corporels de la circulation,csv,787ba26e-2588-47aa-b73d-346f120f9c59,vehicules_2009.csv,https://www.data.gouv.fr/s/resources/base-de-donnees-accidents-corporels-de-la-circulation/20160422-112123/vehicules_2009.csv
51,53698f4ca3a729239d2036df,Base de données accidents corporels de la circulation,csv,2387db3d-11ee-4df4-aa31-4c3c748244d4,usagers_2009.csv,https://www.data.gouv.fr/s/resources/base-de-donnees-accidents-corporels-de-la-circulation/20160422-112105/usagers_2009.csv
52,53698f4ca3a729239d2036df,Base de données accidents corporels de la circulation,csv,722ebb99-c8b2-4635-bf8d-125dd280ee42,caracteristiques_2008.csv,https://www.data.gouv.fr/s/resources/base-de-donnees-accidents-corporels-de-la-circulation/20160909-180939/caracteristiques_2008.csv
53,53698f4ca3a729239d2036df,Base de données accidents corporels de la circulation,csv,6d9e4024-8207-4020-ae4c-5b83504e7268,vehicules_2008.csv,https://www.data.gouv.fr/s/resources/base-de-donnees-accidents-corporels-de-la-circulation/20160909-180912/vehicules_2008.csv
54,53698f4ca3a729239d2036df,Base de données accidents corporels de la circulation,csv,433e26cf-d4c8-4dd9-b3f2-ecbc8a8f0509,usagers_2008.csv,https://www.data.gouv.fr/s/resources/base-de-donnees-accidents-corporels-de-la-circulation/20160909-180838/usagers_2008.csv
55,53698f4ca3a729239d2036df,Base de données accidents corporels de la circulation,csv,237a4d23-1b66-43fb-8832-2f89fbbc6beb,lieux_2008.csv,https://www.data.gouv.fr/s/resources/base-de-donnees-accidents-corporels-de-la-circulation/20160909-180956/lieux_2008.csv
56,53698f4ca3a729239d2036df,Base de données accidents corporels de la circulation,csv,6fc7b169-4dfe-442c-8c28-8bd773aeddf8,caracteristiques_2007.csv,https://www.data.gouv.fr/s/resources/base-de-donnees-accidents-corporels-de-la-circulation/20160909-180642/caracteristiques_2007.csv
57,53698f4ca3a729239d2036df,Base de données accidents corporels de la circulation,csv,6e905a7a-c48d-4f5c-a0bb-54b83c8dfe5f,vehicules_2007.csv,https://www.data.gouv.fr/s/resources/base-de-donnees-accidents-corporels-de-la-circulation/20160909-180604/vehicules_2007.csv
58,53698f4ca3a729239d2036df,Base de données accidents corporels de la circulation,csv,1d967969-c3d2-45c6-adc7-b3b72a8c6e89,lieux_2007.csv,https://www.data.gouv.fr/s/resources/base-de-donnees-accidents-corporels-de-la-circulation/20160909-180717/lieux_2007.csv
59,53698f4ca3a729239d2036df,Base de données accidents corporels de la circulation,csv,c5c30fc2-9bfd-4bcd-b45b-f01a31f1d087,usagers_2007.csv,https://www.data.gouv.fr/s/resources/base-de-donnees-accidents-corporels-de-la-circulation/20160909-180535/usagers_2007.csv
60,53698f4ca3a729239d2036df,Base de données accidents corporels de la circulation,csv,fafa33cf-50cb-4092-a819-d5209f684089,caracteristiques_2006.csv,https://www.data.gouv.fr/s/resources/base-de-donnees-accidents-corporels-de-la-circulation/20160909-180009/caracteristiques_2006.csv
61,53698f4ca3a729239d2036df,Base de données accidents corporels de la circulation,csv,28b1fbdc-f984-40d8-8614-236ee26adc7c,lieux_2006.csv,https://www.data.gouv.fr/s/resources/base-de-donnees-accidents-corporels-de-la-circulation/20160909-180201/lieux_2006.csv
62,53698f4ca3a729239d2036df,Base de données accidents corporels de la circulation,csv,c3362179-9c39-4056-9503-ce00ea6b810e,vehicules_2006.csv,https://www.data.gouv.fr/s/resources/base-de-donnees-accidents-corporels-de-la-circulation/20160909-180143/vehicules_2006.csv
63,53698f4ca3a729239d2036df,Base de données accidents corporels de la circulation,csv,ebb4c37e-1616-497d-b5ed-f8113bed2ae7,usagers_2006.csv,https://www.data.gouv.fr/s/resources/base-de-donnees-accidents-corporels-de-la-circulation/20160909-180113/usagers_2006.csv
64,53698f4ca3a729239d2036df,Base de données accidents corporels de la circulation,csv,a47866f7-ece1-4de8-8d31-3a1b4f477e08,caracteristiques_2005.csv,https://www.data.gouv.fr/s/resources/base-de-donnees-accidents-corporels-de-la-circulation/20160913-155958/caracteristiques_2005.csv
65,53698f4ca3a729239d2036df,Base de données accidents corporels de la circulation,csv,924b962b-4400-4468-9f7d-0bdba28f51e9,vehicules_2005.csv,https://www.data.gouv.fr/s/resources/base-de-donnees-accidents-corporels-de-la-circulation/20160913-160144/vehicules_2005.csv
66,53698f4ca3a729239d2036df,Base de données accidents corporels de la circulation,csv,3a3488e0-86a1-4917-b082-f3bdc25f6922,lieux_2005.csv,https://www.data.gouv.fr/s/resources/base-de-donnees-accidents-corporels-de-la-circulation/20160913-160102/lieux_2005.csv
67,53698f4ca3a729239d2036df,Base de données accidents corporels de la circulation,csv,cecdbd46-11f2-41fa-b0bd-e6e223de6b3c,usagers_2005.csv,https://www.data.gouv.fr/s/resources/base-de-donnees-accidents-corporels-de-la-circulation/20160913-160125/usagers_2005.csv
69,53698f4ca3a729239d2036df,Base de données accidents corporels de la circulation,csv,5b3e137d-b54b-4b10-bb9a-6ec52410d772,Base de données agrégée des accidents corporels de la circulation sur 6 années de 2006 à 2011,http://static.data.gouv.fr/fe/fea60d07a33386148deed77f826e9fe6406eae855b8620aa4a16a78362196b.csv
72,53698f4ca3a729239d2036df,Base de données accidents corporels de la circulation,csv,8f265278-cd03-4aa4-9f71-86b60d923c06,Base de données agrégée des accidents corporels de la circulation de 2005 à 2010 pour France Métropolitaine,https://www.data.gouv.fr/s/resources/base-de-donnees-accidents-corporels-de-la-circulation-sur-6-annees/20150806-155510/donnees_agregees_de_2005_a_2010.csv
73,53698f4ca3a729239d2036df,Base de données accidents corporels de la circulation,csv,706198f2-18a0-4663-9eb4-8011cb74b8c7,Base de données agrégée des accidents corporels de la circulation de 2005 à 2010 pour les DOM,https://www.data.gouv.fr/s/resources/base-de-donnees-accidents-corporels-de-la-circulation-sur-6-annees/20150806-160218/donnees_agregees_de_2005_a_2010_pour_les_DOM.csv
75,5a5f4f6c88ee387da4d252a3,Base des permis de construire (Sitadel) ,csv,9e2b15b4-f4e6-4f43-bcb0-918aa4299eb4,Données des permis de construire pour les locaux – 201902,https://www.statistiques.developpement-durable.gouv.fr/sites/default/files/2019-03/locaux-2019-02.csv
76,5a5f4f6c88ee387da4d252a3,Base des permis de construire (Sitadel) ,csv,bd8a482b-8025-4112-9bf7-6bbf3cc61228,Données des permis de construire pour les logements – 201902,https://www.statistiques.developpement-durable.gouv.fr/sites/default/files/2019-03/logements-2019-02.csv
77,5a5f4f6c88ee387da4d252a3,Base des permis de construire (Sitadel) ,csv,ad4a182a-8221-494d-a97d-4ea8fd411dc6,Données des permis de construire pour les logements - 201901,https://www.statistiques.developpement-durable.gouv.fr/sites/default/files/2019-02/logements-2019-01.csv
78,5a5f4f6c88ee387da4d252a3,Base des permis de construire (Sitadel) ,csv,0cdbcbf0-893b-438d-8c46-c9c79dd13aaf,Données des permis de construire pour les locaux - 201901,https://www.statistiques.developpement-durable.gouv.fr/sites/default/files/2019-02/locaux-2019-01.csv
79,5a5f4f6c88ee387da4d252a3,Base des permis de construire (Sitadel) ,csv,f6c8e5b3-762c-44aa-84bc-b3802df8c93f,Données des permis de construire pour les locaux - 201812,https://www.statistiques.developpement-durable.gouv.fr/sites/default/files/2019-01/locaux-2018-12.csv
81,5a5f4f6c88ee387da4d252a3,Base des permis de construire (Sitadel) ,csv,8868400a-666f-46a9-8188-267440e3a69d,Données des permis de construire pour les locaux - 201811,http://www.statistiques.developpement-durable.gouv.fr/sites/default/files/2018-12/locaux-2018-11.csv
82,5a5f4f6c88ee387da4d252a3,Base des permis de construire (Sitadel) ,csv,a05438f4-7048-4109-a81a-c85b051af248,Données des permis de construire pour les logements - 201811,https://www.statistiques.developpement-durable.gouv.fr/sites/default/files/2018-12/logements-2018-11.csv
83,5a5f4f6c88ee387da4d252a3,Base des permis de construire (Sitadel) ,csv,ac1fba3e-6494-4ee5-8f1e-8f5e6a196b9d,Données des permis de construire pour les logements - 201810,http://www.statistiques.developpement-durable.gouv.fr/sites/default/files/2018-11/logements-2018-10.csv
84,5a5f4f6c88ee387da4d252a3,Base des permis de construire (Sitadel) ,csv,06d87272-4878-486f-9cd6-fe4ceed23071,Données des permis de construire pour les locaux - 201810,http://www.statistiques.developpement-durable.gouv.fr/sites/default/files/2018-11/locaux-2018-10_0.csv
85,5a5f4f6c88ee387da4d252a3,Base des permis de construire (Sitadel) ,csv,ce5e05f1-6ea6-432d-899e-a166dc4d0e1d,Données des permis de construire pour les logements - 201809,http://www.statistiques.developpement-durable.gouv.fr/sites/default/files/2018-11/logements-2018-09.csv
86,5a5f4f6c88ee387da4d252a3,Base des permis de construire (Sitadel) ,csv,1aa6f046-5a99-425b-97c2-34748deb6012,Données des permis de construire pour les locaux - 201809,http://www.statistiques.developpement-durable.gouv.fr/sites/default/files/2018-11/locaux-2018-09_0.csv
87,5a5f4f6c88ee387da4d252a3,Base des permis de construire (Sitadel) ,csv,14491353-83c1-41ad-b3c7-0167326286e5,Données des permis de construire pour les logements - 201808,http://www.statistiques.developpement-durable.gouv.fr/sites/default/files/2018-11/logements-2018-08.csv
88,5a5f4f6c88ee387da4d252a3,Base des permis de construire (Sitadel) ,csv,48e25c3d-0c9c-4ac9-87e2-83621e3f9e3c,Données des permis de construire pour les locaux - 201808,http://www.statistiques.developpement-durable.gouv.fr/sites/default/files/2018-11/locaux-2018-08.csv
89,5a5f4f6c88ee387da4d252a3,Base des permis de construire (Sitadel) ,csv,5d162f34-60c4-447a-b41f-6a2deedf685c,Données des permis de construire pour les locaux - 201807,https://www.statistiques.developpement-durable.gouv.fr/sites/default/files/2018-11/locaux-2018-07.csv
90,5a5f4f6c88ee387da4d252a3,Base des permis de construire (Sitadel) ,csv,53cd1296-4c09-4cfa-9c1b-77219469e3ca,Données des permis de construire pour les logements - 201807,http://www.statistiques.developpement-durable.gouv.fr/sites/default/files/2018-11/logements-2018-07.csv
91,5a5f4f6c88ee387da4d252a3,Base des permis de construire (Sitadel) ,csv,fd170bce-4cb3-4c49-8ca9-0fee1c77a2fa,Données des permis de construire pour les locaux - 201806,https://www.statistiques.developpement-durable.gouv.fr/sites/default/files/2018-11/locaux-2018-06.csv
92,5a5f4f6c88ee387da4d252a3,Base des permis de construire (Sitadel) ,csv,03c24270-75ac-4a06-9648-44b6b5a5e0f7,Données des permis de construire pour les logements - 201806,http://www.statistiques.developpement-durable.gouv.fr/sites/default/files/2018-11/logements-2018-06.csv
93,5a5f4f6c88ee387da4d252a3,Base des permis de construire (Sitadel) ,csv,156d2c24-6699-4a3a-82da-2a2979d28b03,Données des permis de construire pour les locaux - 201805,https://www.statistiques.developpement-durable.gouv.fr/sites/default/files/2018-11/locaux-2018-05.csv
94,5a5f4f6c88ee387da4d252a3,Base des permis de construire (Sitadel) ,csv,bbec31fd-8a97-469e-94c3-482c18d5ccaa,Données des permis de construire pour les logements - 201805,https://www.statistiques.developpement-durable.gouv.fr/sites/default/files/2018-11/logements-2018-05.csv
97,5a5f4f6c88ee387da4d252a3,Base des permis de construire (Sitadel) ,csv,e6078ff5-0904-4402-a288-bca5e037034d,Données des permis de construire pour les locaux - 201804,https://www.statistiques.developpement-durable.gouv.fr/sites/default/files/2018-11/locaux-2018-04.csv
98,5a5f4f6c88ee387da4d252a3,Base des permis de construire (Sitadel) ,csv,b326730e-8af7-46ee-a412-00413d7ab7c0,Données des permis de construire pour les locaux - 201803,https://www.statistiques.developpement-durable.gouv.fr/sites/default/files/2018-11/locaux-2018-03.csv
99,5a5f4f6c88ee387da4d252a3,Base des permis de construire (Sitadel) ,csv,04b575ae-155b-4cba-abd4-1a5e65c36eb3,Données des permis de construire pour les locaux - 201802,https://www.statistiques.developpement-durable.gouv.fr/sites/default/files/2018-11/locaux-2018-02-b.csv
100,5a5f4f6c88ee387da4d252a3,Base des permis de construire (Sitadel) ,csv,4276fb8e-c671-4ff9-b9ee-615bb25aea72,Données des permis de construire pour les locaux - 201801,https://www.statistiques.developpement-durable.gouv.fr/sites/default/files/2018-11/locaux-2018-01.csv
101,5a5f4f6c88ee387da4d252a3,Base des permis de construire (Sitadel) ,csv,55e8d08b-5a18-43b9-ad04-61f1b5853a5e,Données des permis de construire pour les locaux - 201712,https://www.statistiques.developpement-durable.gouv.fr/sites/default/files/2019-01/locaux-2017-12.csv
103,5a5f4f6c88ee387da4d252a3,Base des permis de construire (Sitadel) ,csv,a71ae361-8981-4b7f-ab33-7e0e2b253a67,Données des permis de construire pour les logements - 201804,https://www.statistiques.developpement-durable.gouv.fr/sites/default/files/2018-11/logements-2018-04.csv
104,5a5f4f6c88ee387da4d252a3,Base des permis de construire (Sitadel) ,csv,3a57e9ff-7b84-453e-bd7d-7b9e22806056,Données des permis de construire pour les logements - 201803,https://www.statistiques.developpement-durable.gouv.fr/sites/default/files/2018-11/logements-2018-03.csv
105,5a5f4f6c88ee387da4d252a3,Base des permis de construire (Sitadel) ,csv,2ddc97c8-c265-4dfe-a6c4-51f214f54871,Données des permis de construire pour les logements - 201802,https://www.statistiques.developpement-durable.gouv.fr/sites/default/files/2018-11/logements-2018-02-b.csv
106,5a5f4f6c88ee387da4d252a3,Base des permis de construire (Sitadel) ,csv,4a0bf06f-b49d-485f-bcde-ae88a498ac20,Données des permis de construire pour les logements - 201801,https://www.statistiques.developpement-durable.gouv.fr/sites/default/files/2018-11/logements-2018-01.csv
107,5a5f4f6c88ee387da4d252a3,Base des permis de construire (Sitadel) ,csv,3e0ba8e6-d820-431e-94fd-d0b9a8dcd3fe,Données des permis de construire pour les logements - 201712,https://www.statistiques.developpement-durable.gouv.fr/sites/default/files/2019-01/logements-2017-12.csv
108,545b55e1c751df52de9b6045,Base officielle des codes postaux,csv,455b9d9f-df83-4310-9acc-d3e3e54c2110,Communes nouvelles,https://datanova.legroupe.laposte.fr/explore/dataset/laposte_commnouv/download/?format=csv&timezone=Europe/Berlin&use_labels_for_header=true
109,545b55e1c751df52de9b6045,Base officielle des codes postaux,csv,554590ab-ae62-40ac-8353-ee75162c05ee,Base officielle des codes postaux,https://datanova.legroupe.laposte.fr/explore/dataset/laposte_hexasmal/download/?format=csv&timezone=Europe/Berlin&use_labels_for_header=true
120,5b7ffc618b4c4169d30727e0,"Base Sirene des entreprises et de leurs établissements (SIREN, SIRET)",csv,cda1eed1-b83b-49aa-8a2a-28d5b400e307,Liste CSV des variables du dessin du fichier StockUniteLegale,https://static.data.gouv.fr/resources/base-sirene-des-entreprises-et-de-leurs-etablissements-siren-siret-page-en-cours-de-construction/20180920-102145/dessinstockunitelegale.csv
121,5b7ffc618b4c4169d30727e0,"Base Sirene des entreprises et de leurs établissements (SIREN, SIRET)",csv,68033408-e1c6-4e0d-8eb9-c74be82b3467,Liste CSV des variables du dessin du fichier StockUniteLegaleHistorique,https://static.data.gouv.fr/resources/base-sirene-des-entreprises-et-de-leurs-etablissements-siren-siret-page-en-cours-de-construction/20180920-102932/dessinstockunitelegalehistorique.csv
122,5b7ffc618b4c4169d30727e0,"Base Sirene des entreprises et de leurs établissements (SIREN, SIRET)",csv,d9f2cd00-4507-465f-be6c-e699f2fd8888,Liste CSV des variables du dessin du fichier StockEtablissement,https://static.data.gouv.fr/resources/base-sirene-des-entreprises-et-de-leurs-etablissements-siren-siret-page-en-cours-de-construction/20180920-103036/dessinstocketablissement.csv
123,5b7ffc618b4c4169d30727e0,"Base Sirene des entreprises et de leurs établissements (SIREN, SIRET)",csv,5a4673d7-0b22-4a0c-b3f2-475e4017f32e,Liste CSV des variables du dessin du fichier StockEtablissementHistorique,https://static.data.gouv.fr/resources/base-sirene-des-entreprises-et-de-leurs-etablissements-siren-siret-page-en-cours-de-construction/20180920-103108/dessinstocketablissementhistorique.csv
124,5b7ffc618b4c4169d30727e0,"Base Sirene des entreprises et de leurs établissements (SIREN, SIRET)",csv,97d3125e-0c21-457f-8975-1b2045b47248,Liste CSV des variables du dessin du fichier StockEtablissementLiensSuccession,https://static.data.gouv.fr/resources/base-sirene-des-entreprises-et-de-leurs-etablissements-siren-siret/20190402-081928/dessinstocketablissementlienssuccession.csv
158,5489cda0c751df35a24120e7,Compétence territoriale gendarmerie et police nationales,csv,c53cd4d4-4623-4772-9b8c-bc72a9cdf4c2,export-competence-territoriale-pn-gn.csv,https://static.data.gouv.fr/resources/competence-territoriale-gendarmerie-et-police-nationales/20190408-050047/export-competence-territoriale-pn-gn.csv
159,53834c53a3a72906c7ec5c4c,Connaître le potentiel radon de ma commune,csv,a2f7b71c-89ba-491b-8d8a-f4236932325f,Connaître le potentiel radon de ma commune,https://www.data.gouv.fr/s/resources/connaitre-le-potentiel-radon-de-ma-commune/20171106-135123/radon.csv
172,59591ca4a3a7291dcf9c8150,Correspondance Code INSEE - Code Postal,csv,6d3428b2-3893-45a1-b404-2522a4e77d41,Export au format CSV,https://data.iledefrance.fr//explore/dataset/correspondances-code-insee-code-postal/download?format=csv&timezone=Europe/Berlin&use_labels_for_header=true
176,59591ca4a3a7291dcf9c8150,Correspondance Code INSEE - Code Postal,csv,845bd585-7f17-4e88-a158-be3cd6526168,Export au format CSV,https://data.iledefrance.fr/explore/dataset/correspondances-code-insee-code-postal/download?format=csv&timezone=Europe/Berlin&use_labels_for_header=true
181,555b5673c751df4821190c78,Correspondants Informatique et Libertés (CIL),csv,09511ebe-ebba-4724-9868-2ce5a64e5171,Organismes_avec_CIL.csv,https://www.data.gouv.fr/s/resources/correspondants-informatique-et-libertes-cil/20180524-160058/OpenCNIL_Organismes%20avec%20CIL_VD_20180523.csv
192,53699233a3a729239d203e69,Découpage administratif communal français issu d'OpenStreetMap,csv,0693014d-0a4a-4690-930a-0a7d5013ba56,Communes 2018 avec code de coloriage (5 couleurs),http://osm13.openstreetmap.fr/~cquest/openfla/coloriage_communes_2018.csv
201,53699233a3a729239d203e69,Découpage administratif communal français issu d'OpenStreetMap,csv,908643e9-a25f-4420-a99a-39a10fe80c0f,Export au format CSV (juin 2014),https://www.data.gouv.fr/_uploads/resources/communes-plus-20140630-csv.zip
211,561bd5d4c751df5cbacdbb48,"Droit d'accès indirect (TAJ, STIC, JUDEX)",csv,b3b36cf7-9b7d-4cca-823c-3e5832b191ac,Droit d'accès indirect (TAJ STIC JUDEX),https://www.data.gouv.fr/s/resources/droit-dacces-indirect-taj-stic-judex/20180509-112910/OpenCnil_DAI_STIC_JUDEX_TAJ_MAJ_2018.csv
213,536993cca3a729239d2042b9,Emplacement des distributeurs de préservatifs,csv,c10205bb-0782-4799-b6f5-5d48d19883dd,2013-06-30T125714/condomatix.csv,http://catalogue.datalocale.fr//fr/storage/f/2013-06-30T125714/condomatix.csv
221,53699569a3a729239d2046eb,FINESS Extraction du Fichier des établissements,csv,3c80a359-71e2-4194-97d0-ea4e5253abed,Extraction Finess des Etablissements au 01/03/2019,https://static.data.gouv.fr/resources/finess-extraction-du-fichier-des-etablissements/20190307-092911/etalab-cs1100502-stock-20190307-0430.csv
222,53699569a3a729239d2046eb,FINESS Extraction du Fichier des établissements,csv,3eded498-0393-4198-b751-f1512ecea2c7,Extraction Finess des Etablissements Géolocalisés au 01/03/2019,https://static.data.gouv.fr/resources/finess-extraction-du-fichier-des-etablissements/20190307-093304/etalab-cs1100507-stock-20190307-0422.csv
232,559c0341c751df4853390be6,GEOFLA : limites des communes en France,csv,37a4911f-a3cf-4610-9f40-6075ec53de52,index.csv,https://files.geo.data.gouv.fr/link-proxy/catalogue.sigena.fr/2018-11-29/5bffc58138b366560625db5f/file.zip/telechargement-1542896691-3734/7cbec110-486f-11df-963a-0026b92e22f7-1542896691-4611/export-full-metadata.zip/index.csv
276,571f335288ee3815cba19f12,Indicateurs d’activité des opérateurs de communications électroniques,csv,78c26650-0cbc-4db5-8e18-3015a9cf112b,Indicateurs trimestriels jusqu'au T3 2018 CSV (Parc DCOM),https://static.data.gouv.fr/resources/indicateurs-dactivite-des-operateurs-de-communications-electroniques/20190116-165550/series-chronologiques-trimestrielles-a-fin-t3-2018-dcom-.csv
277,571f335288ee3815cba19f12,Indicateurs d’activité des opérateurs de communications électroniques,csv,dc44f008-5161-4ac3-a64a-431097f9c9f4,Indicateurs trimestriels jusqu'au T3 2018 CSV (Marché des CE),https://static.data.gouv.fr/resources/indicateurs-dactivite-des-operateurs-de-communications-electroniques/20190116-165523/series-chronologiques-trimestrielles-a-fin-t3-2018.csv
278,571f335288ee3815cba19f12,Indicateurs d’activité des opérateurs de communications électroniques,csv,6070e900-2c9a-46bc-8b90-e4f6d002ad34,Indicateurs annuels 1998-2017 (définitif) CSV,https://static.data.gouv.fr/resources/indicateurs-dactivite-des-operateurs-de-communications-electroniques/20181218-175108/series-chrono-annuelles-1998-2017.csv
281,571f335288ee3815cba19f12,Indicateurs d’activité des opérateurs de communications électroniques,csv,c678489c-21c9-471e-936a-b4ea651e359d,Indicateurs trim jusqu'au T2 2018 CSV (marché des CE),https://static.data.gouv.fr/resources/indicateurs-dactivite-des-operateurs-de-communications-electroniques/20181005-150948/series-chrono-trimestrielles-fin-2018t2-marche-ce.csv
282,571f335288ee3815cba19f12,Indicateurs d’activité des opérateurs de communications électroniques,csv,af637e2e-64cc-447f-afc4-7376be8d5eb0,Indicateurs trim jusqu'au T2 2018 CSV (parc DCOM),https://static.data.gouv.fr/resources/indicateurs-dactivite-des-operateurs-de-communications-electroniques/20181005-150925/series-chrono-trimestrielles-fin-2018t2-parcs-dcom.csv
284,571f335288ee3815cba19f12,Indicateurs d’activité des opérateurs de communications électroniques,csv,d7b16431-6956-4019-aa68-a2fb3921352d,Indicateurs trim jusqu'au T1 2018 CSV (parc DCOM),https://www.data.gouv.fr/s/resources/indicateurs-dactivite-des-operateurs-de-communications-electroniques/20180705-180027/Series_chronologiques_trimestrielles_T1_2018_parcs_dans_les_DCOM.csv
285,571f335288ee3815cba19f12,Indicateurs d’activité des opérateurs de communications électroniques,csv,e3c4a412-312f-425d-beaa-85ae4228def0,Indicateurs trim jusqu'au T1 2018 CSV (marché des CE),https://www.data.gouv.fr/s/resources/indicateurs-dactivite-des-operateurs-de-communications-electroniques/20180705-175916/Series_chronologiques_trimestrielles_T1_2018_marche_des_CE.csv
287,571f335288ee3815cba19f12,Indicateurs d’activité des opérateurs de communications électroniques,csv,d292ec46-9eb8-47ee-a4d6-0a3ab53ea087,Indicateurs annuels 1998-2017p,https://www.data.gouv.fr/s/resources/indicateurs-dactivite-des-operateurs-de-communications-electroniques/20180525-105224/Indicateurs_annuels_1998-2017p.csv
300,5889d03ea3a72974cbf0d5b0,Le calendrier scolaire,csv,9957d723-346e-4317-8cb3-293c94e19b2d,Export au format CSV,https://data.education.gouv.fr/explore/dataset/fr-en-calendrier-scolaire/download?format=csv&timezone=Europe/Berlin&use_labels_for_header=true
323,547738bcc751df6b1372f5d6,Liste de Prénoms,csv,55cd803a-998d-4a5c-9741-4cd0ee0a7699,Fichier Prénoms,https://www.data.gouv.fr/s/resources/liste-de-prenoms/20141127-154433/Prenoms.csv
324,5369995ba3a729239d205221,"Listes des communes géolocalisées par régions, départements, circonscriptions",csv,ee67c978-3d35-4fa9-a1fc-df87fda4c83d,"Listes des communes par régions, départements, circonscriptions",http://www.nosdonnees.fr/wiki/index.php/Image:EUCircos_Regions_departements_circonscriptions_communes_gps.csv.gz
332,58c98b1888ee38770950152b,Mon Réseau Mobile,csv,d02b33af-5938-4a63-aa55-4eb666a6174f,2018-T4_Metropole_Sites,https://static.data.gouv.fr/resources/mon-reseau-mobile/20190321-185359/2018-t4-liste-sites-operateurs-mobiles.csv
334,58c98b1888ee38770950152b,Mon Réseau Mobile,csv,2325c4d5-c006-4b35-ac5b-ab1ed10ad0c9,2018-T4_971_Guadeloupe_Sites,https://static.data.gouv.fr/resources/mon-reseau-mobile/20190321-182912/sites-guadeloupet418.csv
336,58c98b1888ee38770950152b,Mon Réseau Mobile,csv,474d1a34-b399-474d-84c3-f70971f3a1c5,2018-T4_972_Martinique_Sites,https://static.data.gouv.fr/resources/mon-reseau-mobile/20190321-182859/sites-martiniquet418.csv
338,58c98b1888ee38770950152b,Mon Réseau Mobile,csv,6a941d00-0fcc-42ed-a026-9626368c72e2,2018-T4_973_Guyane_Sites,https://static.data.gouv.fr/resources/mon-reseau-mobile/20190321-182843/sites-guyanet418.csv
340,58c98b1888ee38770950152b,Mon Réseau Mobile,csv,5f6b55dc-b509-4f64-8930-609d385b32ed,2018-T4_974_La_Reunion_Sites,https://static.data.gouv.fr/resources/mon-reseau-mobile/20190321-182832/sites-la-reuniont418.csv
342,58c98b1888ee38770950152b,Mon Réseau Mobile,csv,d6edd23e-aa61-45f7-87c5-d32abf1d2277,2018-T4_976_Mayotte_Sites,https://static.data.gouv.fr/resources/mon-reseau-mobile/20190321-182819/sites-mayottet418.csv
350,58c98b1888ee38770950152b,Mon Réseau Mobile,csv,327d712e-0f07-4237-b754-b364bcc40a58,2018_T3_Sites_mobiles_2G_3G_4G_France_metropolitaine_L93,https://static.data.gouv.fr/resources/monreseaumobile/20181214-130508/2018-t3-liste-sites-operateurs-mobiles.csv
361,58c98b1888ee38770950152b,Mon Réseau Mobile,csv,c53e4217-c293-4865-be01-922a47b79139,2018_10_Sites_mobiles_2G_3G_4G_France_metropolitaine_L93,https://static.data.gouv.fr/resources/monreseaumobile/20181017-153135/referentiel-sites-operateurs-t2-2018.csv
363,58c98b1888ee38770950152b,Mon Réseau Mobile,csv,793f03e4-04c8-4e7b-b320-1c8b80294563,2018-10 enquete QOS 2018 Arcep lieux de vie,https://static.data.gouv.fr/resources/monreseaumobile/20181019-104845/2018-10-lieuxdevie-arcepqos2018.csv
364,58c98b1888ee38770950152b,Mon Réseau Mobile,csv,9bf8ca62-8e9f-4de5-b6ce-fe75959f07a8,2018-10 enquete QOS 2018 Arcep transports,https://static.data.gouv.fr/resources/monreseaumobile/20181019-105137/2018-10-transports-arcepqos2018.csv
365,58c98b1888ee38770950152b,Mon Réseau Mobile,csv,d08c6c4f-fc7e-47d1-9633-f8b780d013b6,2018-10 enquete QOS 2018 Arcep Zones touristiques,https://static.data.gouv.fr/resources/monreseaumobile/20181019-120710/2018-10-zones-touristiques-arcepqos2018.csv
370,58c98b1888ee38770950152b,Mon Réseau Mobile,csv,4d03eaff-5d09-4e53-ad61-afcb08cc63aa,2018_05_Sites_mobiles_2G_3G_4G_France_metropolitaine_L93,https://www.data.gouv.fr/s/resources/monreseaumobile/20180710-181020/2018-05_Sites_mobiles_2G_3G_4G_France_metropolitaine.csv
379,58c98b1888ee38770950152b,Mon Réseau Mobile,csv,594ccef3-d9be-4583-8524-bfaa48982f22,2018_01_Sites_mobiles_2G_3G_4G_France_metropolitaine_L93,https://www.data.gouv.fr/s/resources/monreseaumobile/20180228-174515/2018_01_Sites_mobiles_2G_3G_4G_France_metropolitaine_L93.csv
383,58c98b1888ee38770950152b,Mon Réseau Mobile,csv,2f876fb7-4ef6-4ab2-8f8c-107ff421b749,2017-09 Sites mobiles 2G-3G-4G France metropolitaine,https://www.data.gouv.fr/s/resources/monreseaumobile/20170918-072827/2017-09_Sites_mobiles_2G_3G_4G_France_metropolitaine.csv
386,58c98b1888ee38770950152b,Mon Réseau Mobile,csv,12455670-bba0-4e9a-82fe-1325ea47679f,2017-06 Donnees mesures QoS mobile - Transport - France metropolitaine,https://www.data.gouv.fr/s/resources/monreseaumobile/20170621-174916/opendata_transports_2017-06-21_17-00.csv
387,58c98b1888ee38770950152b,Mon Réseau Mobile,csv,8d1074ea-b894-4411-b976-66bac74e8c0f,2017-06 Donnees mesures QoS mobile - Lieux de vie - France metropolitaine,https://www.data.gouv.fr/s/resources/monreseaumobile/20170704-165014/opendata_ldv_2017-06-29_18-00.csv
394,536c47bfa3a72933d8d1b3a6,Monuments Historiques : liste des Immeubles protégés au titre des Monuments Historiques,csv,86a7f194-182e-4be3-ac5a-082d612082fe,"Pour les version postérieures à 2015, consultez la page :",https://www.data.gouv.fr/fr/datasets/immeubles-proteges-au-titre-des-monuments-historiques/
397,536c47bfa3a72933d8d1b3a6,Monuments Historiques : liste des Immeubles protégés au titre des Monuments Historiques,csv,7cc75ce9-7986-46eb-a7c8-3831e7d209df,Liste des Immeubles protégés au titre des Monuments Historiques (total France en 2015)),http://data.culture.fr/entrepot/MERIMEE/
398,536c47bfa3a72933d8d1b3a6,Monuments Historiques : liste des Immeubles protégés au titre des Monuments Historiques,csv,d61216c1-9b03-4468-8f4a-f8117261ebcc,Liste des Immeubles protégés au titre des Monuments Historiques (total France en 2014),https://www.data.gouv.fr/s/resources/monuments-historiques-liste-des-immeubles-proteges-au-titre-des-monuments-historiques/20151118-173351/2_MH_2015.csv
400,536c47bfa3a72933d8d1b3a6,Monuments Historiques : liste des Immeubles protégés au titre des Monuments Historiques,csv,edf158f9-bdde-4e6e-b92c-c156c9316383,Liste des Immeubles protégés au titre des Monuments Historiques (Total France en 2012),https://www.data.gouv.fr/storage/f/2014-02-04T15-20-41/prot2012-MH.csv
424,53699e2aa3a729239d205dea,"Produits alimentaires : ingrédients, nutrition, labels",csv,164c9e57-32a7-4f5b-8891-26af10f91072,"Ingrédients, informations nutritionnelles et données sur les produits alimentaires",http://fr.openfoodfacts.org/data/fr.openfoodfacts.org.products.csv
427,5a561801c751df42d7fca9b6,Quartiers prioritaires de la politique de la ville (QPV),csv,80e7df41-1e7f-4561-987c-f23bdd48cbff,Liste des quartiers prioritaires de la politique de la ville (format CSV),https://www.data.gouv.fr/s/resources/quartiers-prioritaires-de-la-politique-de-la-ville-qpv/20180123-114840/liste_Quartiers_Prioritaires.csv
451,58d8d8a0c751df17537c66be,Registre parcellaire graphique (RPG) : contours des parcelles et îlots culturaux et leur groupe de cultures majoritaire,csv,18658e27-e7e5-4dee-a3c8-ee2f9c840f8c,Table de codification des cultures principales,http://professionnels.ign.fr/doc/Codification_cultures_principales.csv
452,58d8d8a0c751df17537c66be,Registre parcellaire graphique (RPG) : contours des parcelles et îlots culturaux et leur groupe de cultures majoritaire,csv,939387de-d184-43d9-b88d-5bb3a34db6db,Table de codification des cultures dérobées,http://professionnels.ign.fr/doc/Codification_cultures_derobees.csv
514,57868f03a3a7295d371add42,Taux de logements sociaux,csv,fda495aa-dae5-4d05-87fd-e92c58c8bc7e,Export au format CSV,https://opendata.hauts-de-seine.fr//explore/dataset/taux-de-logements-sociaux/download?format=csv&timezone=Europe/Berlin&use_labels_for_header=true
516,57868f03a3a7295d371add42,Taux de logements sociaux,csv,554a3cbb-0c27-4e4a-a767-8f33ed4dbb24,Export au format CSV,https://opendata.hauts-de-seine.fr/explore/dataset/taux-de-logements-sociaux/download?format=csv&timezone=Europe/Berlin&use_labels_for_header=true
519,598892dcc751df3eae8bd6ec,Trafic moyen journalier annuel sur le réseau routier national,csv,39dd10df-077d-47b0-90a6-af78781fa8fb,TMJA_2017.csv,https://static.data.gouv.fr/resources/trafic-moyen-journalier-annuel-sur-le-reseau-routier-national/20190206-140158/tmja-2017.csv
521,598892dcc751df3eae8bd6ec,Trafic moyen journalier annuel sur le réseau routier national,csv,3ac99dec-0fbb-40e9-b225-610d5b92d3cd,TMJA_2016.csv,https://static.data.gouv.fr/resources/trafic-moyen-journalier-annuel-sur-le-reseau-routier-national/20180801-135829/TMJA_2016.csv
523,598892dcc751df3eae8bd6ec,Trafic moyen journalier annuel sur le réseau routier national,csv,0792f0d7-a54f-4a08-bb2a-b9bbc1dd315e,TMJA 2015,https://www.data.gouv.fr/s/resources/trafic-moyen-journalier-annuel-sur-le-reseau-routier-national/20170807-182519/TMJA_2015.csv
525,598892dcc751df3eae8bd6ec,Trafic moyen journalier annuel sur le réseau routier national,csv,b8c298d0-f099-4623-9ad2-d54d53adcdfa,TMJA_2014,https://www.data.gouv.fr/s/resources/trafic-moyen-journalier-annuel-sur-le-reseau-routier-national/20180115-134859/TMJA_2014.csv
527,598892dcc751df3eae8bd6ec,Trafic moyen journalier annuel sur le réseau routier national,csv,aa19b015-2d88-495d-8063-dc76167727bf,TMJA 2013,https://www.data.gouv.fr/s/resources/trafic-moyen-journalier-annuel-sur-le-reseau-routier-national/20180115-135316/TMJA_2013.csv
529,598892dcc751df3eae8bd6ec,Trafic moyen journalier annuel sur le réseau routier national,csv,6ee839ea-5faf-44fd-9b98-6dcd93364cff,TMJA_2012.csv,https://static.data.gouv.fr/resources/trafic-moyen-journalier-annuel-sur-le-reseau-routier-national/20180801-134245/TMJA_2012.csv
531,598892dcc751df3eae8bd6ec,Trafic moyen journalier annuel sur le réseau routier national,csv,e1c1fb7e-b7db-4bae-9928-58fafbc8f511,TMJA_2011.csv,https://static.data.gouv.fr/resources/trafic-moyen-journalier-annuel-sur-le-reseau-routier-national/20180801-133630/TMJA_2011.csv
533,598892dcc751df3eae8bd6ec,Trafic moyen journalier annuel sur le réseau routier national,csv,42caa082-d20f-4b98-9ef3-0a7e3739eaf6,TMJA_2010.csv,https://static.data.gouv.fr/resources/trafic-moyen-journalier-annuel-sur-le-reseau-routier-national/20180801-132017/TMJA_2010.csv
535,598892dcc751df3eae8bd6ec,Trafic moyen journalier annuel sur le réseau routier national,csv,baf09da5-14d4-4c5c-b9e3-9e35c07b0611,TMJA_2009.csv,https://static.data.gouv.fr/resources/trafic-moyen-journalier-annuel-sur-le-reseau-routier-national/20180801-131330/TMJA_2009.csv
537,598892dcc751df3eae8bd6ec,Trafic moyen journalier annuel sur le réseau routier national,csv,72b6729e-c675-41ea-bd41-ea0a0daf5642,TMJA_2008.csv,https://static.data.gouv.fr/resources/trafic-moyen-journalier-annuel-sur-le-reseau-routier-national/20180801-130701/TMJA_2008.csv
538,598892dcc751df3eae8bd6ec,Trafic moyen journalier annuel sur le réseau routier national,csv,d30ec10e-e2b0-4f1e-ab1e-5058e7c3ca3b,TMJA_2007.csv,https://static.data.gouv.fr/resources/trafic-moyen-journalier-annuel-sur-le-reseau-routier-national/20180801-130453/TMJA_2007.csv
